adm0_name,cur_name,parities
Afghanistan,AFN,0.01157
Algeria,DZD,0.00738
Armenia,AMD,0.00258
Azerbaijan,AZN,0.58748
Bangladesh,BDT,0.00922
Benin,XOF,0.00166
Bhutan,BTN,0.01219
Bolivia,BOB,0.14487
Burkina Faso,XOF,0.00166
Burundi,BIF,0.00035
Cambodia,KHR,0.00024
Cameroon,XAF,0.00166
Cape Verde,CVE,0.00986
Central African Republic,XAF,0.00166
Chad,XAF,0.00166
Colombia,COP,0.00024
Congo,XAF,0.00166
Costa Rica,USD,1
Cote d'Ivoire,XOF,0.00165
Democratic Republic of the Congo,CDF,0.0004
Djibouti,DJF,0.00562
El Salvador,USD,1
Ethiopia,ETB,0.0183
Gambia,GMD,0.01678
Georgia,GEL,0.38315
Ghana,GHS,0.08716
Guatemala,HTG,0.1276
Guinea-Bissau,XOF,0.00166
Guinea,GNF,0.00012
Haiti,HTG,0.0072
Honduras,USD,1
India,INR,0.01219
Indonesia,IDR,0.00007
Iran  (Islamic Republic of),IRR,0.00002
Iraq,IQD,0.00076
Jordan,JOD,1.41044
Kenya,KES,0.0071
Kyrgyzstan,KGS,0.01146
Lao People's Democratic Republic,LAK,0.00006
Lebanon,LBP,0.00007
Lesotho,LSL,0.05301
Liberia,LRD,0.00554
Madagascar,MGA,0.00022
Malawi,MWK,0.00095
Mali,XOF,0.00166
Mauritania,MRO,0.02879
Mozambique,MZN,0.01565
Myanmar,MMK,0.00048
Nepal,NPR,0.00762
Niger,XOF,0.00166
Nigeria,NGN,0.00132
Pakistan,PKR,0.00347
Panama,USD,1
Peru,PEN,0.27565
Philippines,PKR,0.01811
Rwanda,PWF,0.00086
Senegal,XOF,0.00166
Somalia,SOS,0.00175
Sri Lanka,LKR,0.00324
Swaziland,SZL,0.05
Syrian Arab Republic,SYP,0.0004
Tajikistan,TRY,0.09167
Timor-Leste,USD,1
Turkey,TRY,0.03836
Uganda,UGX,0.00027
Ukraine,UAH,0.02722
United Republic of Tanzania,TZS,0.00043
Yemen,YER,0.00399
Zambia,ZMW,0.0559
Zimbabwe,USD,1
State of Palestine,NIS,0.2747
Sudan,SDG,0.00166
Egypt,EGP,0.03236
South Sudan,SSP,0.001
